user_id,last_purchase_date,frequency,monetary,avg_transaction_value,avg_discount_rate,avg_app_time_min,recency_days,payment_method_count
U0000,2024-05-23,80,4732976,59162.2,0.017499999999999998,16.7125,10,5
U0001,2024-05-14,130,11387193,87593.7923076923,0.02,32.06923076923077,19,5
U0002,2024-05-29,75,4777219,63696.253333333334,0.023333333333333334,7.293333333333333,4,5
U0003,2024-05-23,104,4514605,43409.66346153846,0.020673076923076922,12.028846153846153,10,5
U0004,2024-05-30,100,4537931,45379.31,0.1405,7.74,3,5
U0005,2024-05-25,68,2901326,42666.55882352941,0.011764705882352941,15.926470588235293,8,5
U0006,2024-05-28,108,5818730,53877.12962962963,0.11203703703703703,21.38888888888889,5,5
U0007,2024-06-02,87,5214343,59934.97701149425,0.014942528735632184,13.632183908045977,0,5
U0008,2024-02-06,67,3724951,55596.28358208955,0.011194029850746268,6.223880597014926,117,5
U0009,2024-05-27,97,4612235,47548.81443298969,0.16391752577319588,16.556701030927837,6,5
U0010,2023-07-01,36,1273229,35367.47222222222,0.019444444444444445,16.583333333333332,337,5
U0011,2024-06-01,118,9423497,79860.14406779662,0.020762711864406782,23.677966101694917,1,5
U0012,2024-05-21,90,5624290,62492.11111111111,0.013333333333333332,5.477777777777778,12,5
U0013,2024-05-27,79,6769505,85689.93670886075,0.032278481012658226,6.0,6,5
U0014,2024-05-28,77,3378896,43881.76623376623,0.0071428571428571435,16.48051948051948,5,4
U0015,2024-05-18,93,2874618,30909.870967741936,0.12311827956989246,11.150537634408602,15,5
U0016,2024-05-30,95,4618240,48613.05263157895,0.020526315789473684,3.736842105263158,3,5
U0017,2024-05-26,139,11502891,82754.61151079136,0.011510791366906475,15.16546762589928,7,5
U0018,2024-03-27,29,1309298,45148.206896551725,0.001724137931034483,8.379310344827585,67,4
U0019,2024-05-29,103,2377972,23087.106796116506,0.14466019417475728,12.116504854368932,4,5
U0020,2024-03-31,63,9111655,144629.44444444444,0.01507936507936508,12.746031746031745,63,5
U0021,2024-06-02,89,4329512,48646.20224719101,0.16853932584269662,21.202247191011235,0,5
U0022,2024-06-02,83,5248227,63231.65060240964,0.010240963855421687,27.301204819277107,0,5
U0023,2024-06-02,94,2887760,30720.85106382979,0.11914893617021276,20.819148936170212,0,5
U0024,2024-05-28,94,3118176,33172.085106382976,0.00425531914893617,17.180851063829788,5,5
U0025,2024-05-31,133,14442740,108592.03007518797,0.007518796992481203,29.992481203007518,2,5
U0026,2024-06-01,101,5049611,49996.148514851484,0.11336633663366336,16.178217821782177,1,5
U0027,2024-06-02,91,2431251,26717.043956043955,0.14560439560439561,20.615384615384617,0,5
U0028,2024-05-23,90,4361460,48460.666666666664,0.014444444444444446,17.166666666666668,10,5
U0029,2024-05-29,82,3419224,41697.85365853659,0.00975609756097561,11.975609756097562,4,5
U0030,2024-05-24,87,3193079,36702.057471264365,0.006321839080459771,15.620689655172415,9,5
U0031,2024-05-26,99,6064429,61256.85858585859,0.017676767676767676,25.464646464646464,7,5
U0032,2024-05-29,85,4996584,58783.34117647059,0.018823529411764708,10.011764705882353,4,5
U0033,2024-05-24,103,6218973,60378.3786407767,0.022815533980582524,10.300970873786408,9,5
U0034,2024-06-01,100,3037688,30376.88,0.165,6.37,1,5
U0035,2024-05-31,98,6220551,63475.010204081635,0.14642857142857144,16.897959183673468,2,5
U0036,2024-05-10,70,4009684,57281.2,0.019285714285714288,15.228571428571428,23,5
U0037,2024-05-27,128,8264897,64569.5078125,0.005859375,16.890625,6,5
U0038,2024-02-06,69,5591451,81035.52173913043,0.0014492753623188406,8.26086956521739,117,5
U0039,2024-06-01,97,2696782,27801.876288659794,0.14742268041237114,8.65979381443299,1,5
U0040,2024-05-31,102,4454850,43675.0,0.14362745098039217,16.333333333333332,2,5
U0041,2024-06-02,100,7376413,73764.13,0.017,25.59,0,5
U0042,2024-06-01,82,2431048,29646.926829268294,0.009146341463414634,17.817073170731707,1,4
U0043,2024-02-06,38,2338858,61548.89473684211,0.007894736842105263,7.526315789473684,117,4
U0044,2024-06-02,81,5739859,70862.45679012345,0.011111111111111112,17.320987654320987,0,5
U0045,2024-05-23,90,4424475,49160.833333333336,0.022222222222222223,21.177777777777777,10,5
U0046,2024-06-02,89,2957224,33227.23595505618,0.16685393258426967,15.820224719101123,0,4
U0047,2024-05-29,72,5555390,77158.19444444444,0.0076388888888888895,7.291666666666667,4,5
U0048,2024-05-30,127,12846597,101154.30708661418,0.0011811023622047244,22.913385826771652,3,5
U0049,2024-05-29,154,8669003,56292.22727272727,0.023051948051948053,32.31818181818182,4,5
U0050,2024-04-28,45,2508863,55752.51111111111,0.007777777777777778,4.488888888888889,35,5
U0051,2024-05-25,86,3126959,36359.98837209302,0.02674418604651163,14.290697674418604,8,5
U0052,2024-05-21,95,2295826,24166.58947368421,0.16631578947368422,27.042105263157893,12,5
U0053,2024-06-02,94,4167934,44339.72340425532,0.006382978723404255,28.95744680851064,0,4
U0054,2024-06-02,103,5708200,55419.41747572816,0.14320388349514562,22.16504854368932,0,5
U0055,2024-06-01,95,2855908,30062.18947368421,0.028421052631578948,6.673684210526316,1,4
U0056,2024-05-27,81,7095760,87601.97530864198,0.008641975308641976,15.481481481481481,6,5
U0057,2024-05-15,91,6419932,70548.7032967033,0.012087912087912088,7.230769230769231,18,5
U0058,2024-05-27,87,5004000,57517.24137931035,0.009195402298850575,13.862068965517242,6,5
U0059,2024-06-01,98,3147345,32115.76530612245,0.17346938775510204,19.448979591836736,1,5
U0060,2024-05-29,93,2004141,21549.90322580645,0.00967741935483871,9.24731182795699,4,5
U0061,2024-05-26,124,10243943,82612.44354838709,0.005241935483870968,34.16935483870968,7,5
U0062,2024-05-25,89,3477900,39077.52808988764,0.027528089887640453,15.348314606741573,8,5
U0063,2024-05-19,106,2900680,27364.905660377357,0.1712264150943396,26.641509433962263,14,5
U0064,2024-06-01,84,2731032,32512.285714285714,0.016071428571428573,7.095238095238095,1,4
U0065,2024-05-19,91,4255213,46760.58241758242,0.1412087912087912,19.626373626373628,14,5
U0066,2024-05-31,81,3670475,45314.50617283951,0.014197530864197533,7.135802469135802,2,5
U0067,2024-05-25,92,3060889,33270.532608695656,0.016304347826086956,11.293478260869565,8,5
U0068,2024-05-30,103,6490921,63018.65048543689,0.0077669902912621365,3.6990291262135924,3,5
U0069,2024-05-30,111,6521223,58749.75675675676,0.1581081081081081,16.0990990990991,3,5
U0070,2024-06-01,99,2776919,28049.68686868687,0.16313131313131313,9.747474747474747,1,5
U0071,2024-06-01,88,3858711,43848.98863636364,0.16818181818181818,13.784090909090908,1,5
U0072,2024-06-01,85,2643663,31101.917647058825,0.14,18.32941176470588,1,5
U0073,2024-05-27,94,2793783,29721.09574468085,0.1803191489361702,19.670212765957448,6,5
U0074,2024-05-30,102,3450112,33824.62745098039,0.1568627450980392,22.127450980392158,3,5
U0075,2024-05-10,90,4817192,53524.35555555556,0.0,22.0,23,4
U0076,2024-05-28,97,5474794,56441.17525773196,0.002577319587628866,12.185567010309278,5,5
U0077,2024-06-01,81,3543857,43751.32098765432,0.0018518518518518521,16.679012345679013,1,5
U0078,2024-06-01,76,4828035,63526.77631578947,0.020394736842105264,9.43421052631579,1,5
U0079,2024-06-01,48,2449003,51020.895833333336,0.01875,12.75,1,5
U0080,2024-05-27,87,5932822,68193.35632183908,0.016666666666666666,19.873563218390803,6,5
U0081,2024-05-28,89,3207455,36038.8202247191,0.011235955056179775,8.696629213483146,5,5
U0082,2024-05-14,75,3434854,45798.05333333334,0.018000000000000002,23.906666666666666,19,5
U0083,2024-06-01,83,2708395,32631.265060240963,0.020481927710843374,17.686746987951807,1,4
U0084,2024-05-25,79,3208304,40611.443037974685,0.0189873417721519,6.3924050632911396,8,5
U0085,2024-05-25,84,3960949,47154.15476190476,0.01011904761904762,13.761904761904763,8,5
U0086,2024-06-02,107,4403446,41153.700934579436,0.1378504672897196,16.869158878504674,0,5
U0087,2024-05-30,104,3002351,28868.759615384617,0.14951923076923077,11.173076923076923,3,5
U0088,2024-05-24,72,3092238,42947.75,0.003472222222222222,17.416666666666668,9,5
U0089,2024-06-02,81,4158872,51344.0987654321,0.004320987654320987,14.0,0,5
U0090,2024-05-12,69,3546380,51396.811594202896,0.016666666666666666,9.898550724637682,21,5
U0091,2024-02-14,40,2405842,60146.05,0.01875,20.925,109,4
U0092,2024-05-25,78,3626213,46489.91025641026,0.010256410256410256,9.974358974358974,8,5
U0093,2024-05-27,119,8946420,75180.0,0.0008403361344537816,33.51260504201681,6,5
U0094,2024-05-30,98,2567652,26200.530612244896,0.09285714285714286,14.63265306122449,3,5
U0095,2024-02-03,37,2832630,76557.56756756757,0.012162162162162163,16.243243243243242,120,4
U0096,2024-06-02,78,3639510,46660.38461538462,0.014743589743589743,16.96153846153846,0,4
U0097,2024-05-31,151,9482874,62800.49006622517,0.018543046357615896,19.741721854304636,2,5
U0098,2024-05-30,102,4387755,43017.205882352944,0.1323529411764706,19.19607843137255,3,5
U0099,2024-06-01,79,3344935,42340.94936708861,0.010759493670886078,28.0126582278481,1,5
U0100,2024-05-25,87,5538363,63659.34482758621,0.015517241379310346,6.0,8,5
U0101,2024-05-31,81,3596683,44403.49382716049,0.008641975308641976,15.691358024691358,2,5
U0102,2024-01-05,76,3338784,43931.36842105263,0.023026315789473683,21.81578947368421,149,5
U0103,2024-05-29,87,4614227,53037.09195402299,0.027011494252873563,17.0,4,5
U0104,2024-06-01,153,15912576,104003.76470588235,0.00032679738562091506,19.81699346405229,1,5
U0105,2024-05-25,94,4068616,43283.14893617021,0.014893617021276595,16.659574468085108,8,5
U0106,2024-05-05,93,4600802,49470.98924731183,0.013978494623655914,16.096774193548388,28,5
U0107,2024-05-31,79,5532616,70033.11392405063,0.008227848101265823,15.544303797468354,2,5
U0108,2024-05-28,91,2759968,30329.31868131868,0.15494505494505495,18.065934065934066,5,5
U0109,2024-05-31,97,2944758,30358.329896907217,0.1360824742268041,22.711340206185568,2,4
U0110,2024-06-02,137,13219417,96492.09489051095,0.0040145985401459855,14.664233576642335,0,5
U0111,2024-01-27,65,2710016,41692.553846153845,0.010769230769230769,11.138461538461538,127,4
U0112,2024-06-02,38,2082666,54807.0,0.010526315789473684,13.81578947368421,0,4
U0113,2024-05-27,92,3295885,35824.836956521736,0.1625,17.804347826086957,6,5
U0114,2024-05-31,106,5261222,49634.16981132075,0.019811320754716984,16.254716981132077,2,5
U0115,2024-06-02,82,2786950,33987.19512195122,0.1329268292682927,14.670731707317072,0,5
U0116,2024-05-26,99,5450288,55053.41414141414,0.0196969696969697,6.0,7,5
U0117,2024-05-16,86,3583248,41665.67441860465,0.009302325581395349,9.604651162790697,17,5
U0118,2024-05-31,89,6046934,67943.0786516854,0.012359550561797755,12.101123595505618,2,5
U0119,2024-06-02,87,5572904,64056.36781609195,0.014367816091954023,14.620689655172415,0,5
U0120,2024-06-02,102,4106222,40257.07843137255,0.13970588235294118,9.352941176470589,0,5
U0121,2024-06-02,87,5180750,59548.85057471264,0.013218390804597701,8.022988505747126,0,5
U0122,2024-05-19,111,4659242,41975.15315315315,0.1720720720720721,12.702702702702704,14,5
U0123,2024-05-27,138,19392234,140523.4347826087,0.010144927536231885,18.905797101449274,6,5
U0124,2023-12-10,50,2883972,57679.44,0.008,6.86,175,5
U0125,2024-06-01,92,3820060,41522.391304347824,0.1831521739130435,23.967391304347824,1,5
U0126,2024-05-29,84,5002812,59557.28571428572,0.016666666666666666,8.892857142857142,4,5
U0127,2024-05-25,50,1681341,33626.82,0.016,3.18,8,4
U0128,2024-05-31,83,3208225,38653.31325301205,0.016265060240963858,6.686746987951807,2,5
U0129,2024-02-22,40,2934487,73362.175,0.008749999999999999,16.95,101,4
U0130,2024-05-30,92,3639154,39556.02173913043,0.02282608695652174,11.369565217391305,3,5
U0131,2024-05-29,124,12084378,97454.66129032258,0.010080645161290322,34.04032258064516,4,5
U0132,2024-05-31,128,24127032,188492.4375,0.008203125,28.75,2,5
U0133,2023-09-12,24,1648548,68689.5,0.014583333333333335,5.416666666666667,264,3
U0134,2024-05-29,109,2814701,25822.94495412844,0.12844036697247707,21.798165137614678,4,5
U0135,2024-05-09,92,4596583,49962.858695652176,0.01847826086956522,15.054347826086957,24,5
U0136,2024-05-23,88,4944417,56186.556818181816,0.027840909090909093,18.53409090909091,10,5
U0137,2024-05-18,91,2393389,26300.978021978022,0.015384615384615385,8.032967032967033,15,5
U0138,2024-06-01,73,3758638,51488.191780821915,0.0020547945205479454,10.356164383561644,1,5
U0139,2024-04-25,85,9269770,109056.11764705883,0.017058823529411765,15.635294117647058,38,5
U0140,2024-06-02,103,6602215,64099.17475728155,0.008252427184466019,13.233009708737864,0,5
U0141,2024-05-21,82,3528696,43032.87804878049,0.018902439024390243,10.768292682926829,12,5
U0142,2024-05-31,76,5492163,72265.30263157895,0.011184210526315791,14.026315789473685,2,5
U0143,2024-05-12,84,4672921,55630.01190476191,0.0011904761904761906,11.0,21,5
U0144,2024-06-01,85,3693799,43456.458823529414,0.13823529411764707,20.870588235294118,1,5
U0145,2024-06-01,120,7893968,65783.06666666667,0.0,28.241666666666667,1,5
U0146,2024-05-24,90,3425346,38059.4,0.017222222222222222,16.155555555555555,9,5
U0147,2024-05-23,89,5493467,61724.348314606745,0.012359550561797755,20.123595505617978,10,5
U0148,2024-05-30,82,6365922,77633.19512195123,0.02378048780487805,17.79268292682927,3,5
U0149,2024-05-28,91,4918213,54046.296703296706,0.004945054945054945,18.736263736263737,5,5
U0150,2024-05-26,80,7373463,92168.2875,0.011875,3.8125,7,5
U0151,2024-06-01,96,4539277,47284.135416666664,0.146875,18.979166666666668,1,5
U0152,2024-05-21,100,3817995,38179.95,0.16649999999999998,10.21,12,5
U0153,2024-05-30,99,3886035,39252.878787878784,0.1409090909090909,23.444444444444443,3,5
U0154,2024-05-29,92,5635708,61257.69565217391,0.010869565217391304,11.91304347826087,4,5
U0155,2024-06-02,93,2532553,27231.752688172044,0.1586021505376344,8.946236559139784,0,5
U0156,2024-06-02,96,3365187,35054.03125,0.17864583333333336,23.34375,0,4
U0157,2024-06-02,126,17367898,137840.46031746033,0.001984126984126984,26.253968253968253,0,5
U0158,2024-05-29,92,6714303,72981.55434782608,0.016304347826086956,12.054347826086957,4,5
U0159,2024-06-01,94,3760286,40003.04255319149,0.006914893617021277,6.25531914893617,1,5
U0160,2024-05-04,84,3809109,45346.53571428572,0.011904761904761904,12.380952380952381,29,5
U0161,2024-05-28,67,2944450,43947.014925373136,0.0,12.597014925373134,5,5
U0162,2024-05-24,83,3490361,42052.5421686747,0.004216867469879518,11.204819277108435,9,5
U0163,2024-05-26,82,3919962,47804.41463414634,0.015853658536585366,14.71951219512195,7,5
U0164,2024-06-01,110,3920938,35644.89090909091,0.09863636363636363,22.8,1,5
U0165,2024-05-31,90,5448887,60543.188888888886,0.012777777777777779,13.444444444444445,2,5
U0166,2024-06-02,83,2746298,33087.927710843374,0.010240963855421687,15.096385542168674,0,5
U0167,2024-05-27,54,2928128,54224.59259259259,0.010185185185185186,8.537037037037036,6,5
U0168,2024-06-02,99,3495551,35308.59595959596,0.008585858585858586,19.525252525252526,0,5
U0169,2024-06-01,92,4090431,44461.20652173913,0.15434782608695652,9.108695652173912,1,5
U0170,2024-06-02,91,9531594,104742.79120879121,0.00989010989010989,18.67032967032967,0,5
U0171,2024-05-17,90,2288240,25424.88888888889,0.1527777777777778,20.42222222222222,16,5
U0172,2023-12-08,46,2345712,50993.739130434784,0.015217391304347825,24.32608695652174,177,5
U0173,2024-06-01,90,3058842,33987.13333333333,0.003888888888888889,17.177777777777777,1,5
U0174,2024-06-01,98,5356986,54663.12244897959,0.017346938775510207,17.520408163265305,1,5
U0175,2023-10-25,56,3827038,68339.96428571429,0.015178571428571428,7.892857142857143,221,3
U0176,2024-05-10,85,5187493,61029.32941176471,0.014705882352941176,18.376470588235293,23,5
U0177,2024-05-31,92,3218929,34988.358695652176,0.008695652173913044,15.858695652173912,2,5
U0178,2024-03-10,64,4295837,67122.453125,0.00078125,12.28125,84,4
U0179,2024-05-24,89,4309202,48418.0,0.011797752808988765,21.84269662921348,9,5
U0180,2024-05-31,133,12521155,94144.02255639098,0.00037593984962406017,23.50375939849624,2,5
U0181,2024-05-30,108,2807512,25995.48148148148,0.17453703703703705,16.25,3,5
U0182,2024-05-27,99,4328029,43717.46464646464,0.16818181818181815,8.131313131313131,6,5
U0183,2024-05-10,26,1296907,49881.03846153846,0.025,2.6538461538461537,23,4
U0184,2024-05-31,84,4597580,54733.09523809524,0.016071428571428573,20.202380952380953,2,5
U0185,2024-02-21,70,4073916,58198.8,0.02142857142857143,4.671428571428572,102,5
U0186,2024-06-02,85,3091739,36373.4,0.11411764705882352,18.070588235294117,0,5
U0187,2023-07-06,38,2584496,68013.05263157895,0.009210526315789473,14.657894736842104,332,5
U0188,2024-06-02,138,12952277,93857.07971014493,0.0,35.04347826086956,0,5
U0189,2024-05-28,100,3515467,35154.67,0.152,12.76,5,5
U0190,2024-05-17,84,4391599,52280.94047619047,0.014285714285714287,5.833333333333333,16,5
U0191,2024-06-01,79,4395873,55643.962025316454,0.013924050632911394,20.556962025316455,1,4
U0192,2024-05-18,98,4008807,40906.19387755102,0.020918367346938777,18.918367346938776,15,5
U0193,2024-06-01,110,4669822,42452.92727272727,0.16772727272727272,23.0,1,5
U0194,2024-06-01,127,15473360,121837.48031496063,0.001968503937007874,19.8503937007874,1,5
U0195,2024-06-01,86,7767692,90322.0,0.016279069767441864,12.116279069767442,1,5
U0196,2024-06-02,89,2771053,31135.426966292136,0.0898876404494382,17.471910112359552,0,4
U0197,2024-05-31,88,6506774,73940.61363636363,0.007954545454545454,13.727272727272727,2,5
U0198,2024-05-28,93,5704165,61335.10752688172,0.02956989247311828,13.741935483870968,5,5
U0199,2024-05-22,91,5476831,60184.956043956045,0.019230769230769232,15.505494505494505,11,5
U0200,2024-05-23,90,3237874,35976.37777777778,0.18611111111111112,30.122222222222224,10,5
U0201,2024-06-02,144,9731281,67578.34027777778,0.0010416666666666669,32.94444444444444,0,5
U0202,2024-05-25,93,4061005,43666.720430107525,0.15161290322580645,11.053763440860216,8,5
U0203,2024-05-29,79,4565739,57794.16455696202,0.008227848101265823,13.734177215189874,4,5
U0204,2024-05-31,93,2600668,27964.172043010753,0.12580645161290321,18.623655913978496,2,5
U0205,2024-05-31,96,3277736,34143.083333333336,0.003645833333333334,22.729166666666668,2,5
U0206,2024-05-21,98,5422697,55333.642857142855,0.12142857142857143,8.357142857142858,12,4
U0207,2024-06-01,129,9875173,76551.72868217055,0.010077519379844961,30.73643410852713,1,5
U0208,2024-02-17,25,1621830,64873.2,0.022000000000000002,17.48,106,5
U0209,2024-05-30,123,10073578,81899.0081300813,0.028861788617886183,30.170731707317074,3,5
U0210,2024-05-18,97,3014757,31079.96907216495,0.15,21.463917525773194,15,5
U0211,2024-06-02,139,16097921,115812.38129496403,0.006115107913669065,29.971223021582734,0,5
U0212,2024-05-25,74,2636125,35623.31081081081,0.14662162162162162,14.837837837837839,8,5
U0213,2024-06-01,105,3883407,36984.828571428574,0.022857142857142857,17.771428571428572,1,5
U0214,2024-06-02,94,3839445,40845.15957446808,0.00425531914893617,6.74468085106383,0,5
U0215,2024-05-31,93,5928490,63747.20430107527,0.02096774193548387,20.870967741935484,2,5
U0216,2024-05-27,103,7996392,77634.87378640777,0.017475728155339806,18.40776699029126,6,5
U0217,2024-05-25,94,3154323,33556.62765957447,0.1196808510638298,21.872340425531913,8,5
U0218,2024-05-18,92,3262391,35460.77173913043,0.13532608695652174,20.119565217391305,15,5
U0219,2024-05-27,91,2603728,28612.395604395606,0.14450549450549452,22.802197802197803,6,5
U0220,2024-05-25,86,5944664,69124.0,0.01744186046511628,14.034883720930232,8,5
U0221,2024-04-28,88,2404593,27324.920454545456,0.1431818181818182,20.28409090909091,35,5
U0222,2024-03-27,73,4916544,67349.91780821918,0.009589041095890411,13.136986301369863,67,5
U0223,2024-05-28,91,6182737,67942.16483516483,0.15384615384615385,22.47252747252747,5,5
U0224,2024-06-02,120,5110617,42588.475,0.17333333333333334,20.291666666666668,0,5
U0225,2024-06-01,79,2056280,26028.86075949367,0.14746835443037976,10.974683544303797,1,5
U0226,2024-05-25,86,3864627,44937.523255813954,0.01744186046511628,7.883720930232558,8,5
U0227,2024-02-03,42,2610957,62165.642857142855,0.03333333333333334,11.904761904761905,120,5
U0228,2024-05-29,83,4456309,53690.469879518074,0.031927710843373494,25.53012048192771,4,5
U0229,2024-05-24,97,4666271,48105.886597938144,0.15103092783505154,21.8659793814433,9,5
U0230,2024-05-27,90,3918676,43540.84444444445,0.008333333333333333,3.5,6,5
U0231,2024-05-29,92,4715561,51256.09782608696,0.033152173913043474,8.923913043478262,4,5
U0232,2024-05-28,96,3938697,41028.09375,0.0203125,11.875,5,5
U0233,2024-06-02,106,4784582,45137.56603773585,0.08820754716981132,9.452830188679245,0,3
U0234,2024-04-21,65,3252849,50043.83076923077,0.04,10.261538461538462,42,5
U0235,2024-06-02,86,8721228,101409.62790697675,0.00872093023255814,16.96511627906977,0,5
U0236,2024-05-10,61,5592713,91683.81967213115,0.019672131147540982,3.5081967213114753,23,5
U0237,2024-06-01,142,9834739,69258.72535211267,0.005985915492957746,39.647887323943664,1,5
U0238,2024-04-06,26,956284,36780.153846153844,0.0019230769230769232,7.576923076923077,57,4
U0239,2024-06-01,93,2936312,31573.247311827956,0.15268817204301077,19.763440860215052,1,5
U0240,2024-06-02,87,6767366,77785.81609195402,0.021839080459770118,18.57471264367816,0,5
U0241,2024-05-30,110,4466770,40607.0,0.16363636363636364,11.727272727272727,3,5
U0242,2024-05-29,97,4631951,47752.072164948455,0.010824742268041237,6.051546391752577,4,5
U0243,2024-05-24,61,4004153,65641.85245901639,0.021311475409836068,17.39344262295082,9,5
U0244,2024-04-16,56,3274096,58466.0,0.014285714285714287,18.803571428571427,47,5
U0245,2024-05-21,92,4736795,51486.90217391304,0.0038043478260869562,7.336956521739131,12,5
U0246,2024-06-02,97,6966933,71824.05154639175,0.020618556701030927,10.835051546391753,0,5
U0247,2024-06-01,108,4054939,37545.73148148148,0.13472222222222222,12.972222222222221,1,4
U0248,2024-05-26,159,15197103,95579.2641509434,0.0009433962264150945,20.937106918238992,7,5
U0249,2024-02-17,49,2678234,54657.836734693876,0.03571428571428571,14.877551020408163,106,5
U0250,2024-05-28,109,3287067,30156.577981651375,0.14036697247706423,12.926605504587156,5,5
U0251,2023-10-18,49,5079062,103654.32653061225,0.017346938775510207,14.122448979591837,228,4
U0252,2024-05-30,82,4385213,53478.20731707317,0.014634146341463414,14.390243902439025,3,4
U0253,2023-11-18,60,4600585,76676.41666666667,0.03166666666666667,16.083333333333332,197,4
U0254,2024-06-02,146,16180590,110825.95890410959,0.0013698630136986301,13.013698630136986,0,5
U0255,2024-05-30,101,4130888,40899.88118811881,0.17623762376237626,13.633663366336634,3,5
U0256,2024-05-21,90,2500916,27787.955555555556,0.18277777777777776,23.6,12,5
U0257,2024-06-02,95,4365573,45953.4,0.1631578947368421,15.494736842105263,0,5
U0258,2024-06-01,76,3944807,51905.35526315789,0.013815789473684212,13.342105263157896,1,5
U0259,2024-06-02,85,5008485,58923.35294117647,0.012352941176470589,11.552941176470588,0,5
U0260,2024-06-01,109,6769201,62102.76146788991,0.014678899082568808,22.293577981651374,1,5
U0261,2024-06-02,93,7074576,76070.70967741935,0.01021505376344086,19.688172043010752,0,5
U0262,2024-05-29,114,2541276,22291.894736842107,0.1307017543859649,11.035087719298245,4,5
U0263,2023-07-29,25,1257605,50304.2,0.026000000000000002,4.92,309,5
U0264,2024-05-29,85,3619564,42583.10588235294,0.11352941176470589,18.6,4,5
U0265,2024-05-30,89,3773017,42393.449438202246,0.025280898876404494,13.741573033707866,3,5
U0266,2024-06-02,89,4578880,51448.089887640446,0.01910112359550562,13.47191011235955,0,5
U0267,2023-07-04,49,2528854,51609.26530612245,0.022448979591836737,11.489795918367347,334,5
U0268,2024-05-29,125,9945104,79560.832,0.018,22.776,4,5
U0269,2024-05-21,89,5119729,57525.04494382023,0.01853932584269663,20.48314606741573,12,5
U0270,2024-06-01,87,2119560,24362.758620689656,0.15517241379310345,5.103448275862069,1,5
U0271,2024-05-30,105,7158965,68180.61904761905,0.012380952380952381,15.504761904761905,3,5
U0272,2024-06-01,90,5648242,62758.24444444444,0.18944444444444444,10.222222222222221,1,5
U0273,2024-06-02,81,3110193,38397.444444444445,0.009876543209876543,20.395061728395063,0,5
U0274,2024-05-24,92,6463500,70255.43478260869,0.006521739130434784,16.565217391304348,9,5
U0275,2024-05-30,96,3793708,39517.791666666664,0.146875,22.072916666666668,3,5
U0276,2024-06-02,101,4454304,44102.0198019802,0.1495049504950495,11.455445544554456,0,5
U0277,2024-06-02,94,8858645,94240.90425531915,0.012234042553191491,8.138297872340425,0,5
U0278,2024-05-30,150,5946898,39645.986666666664,0.010333333333333333,18.593333333333334,3,5
U0279,2024-06-02,85,1961117,23071.964705882354,0.1411764705882353,17.91764705882353,0,5
U0280,2024-05-15,93,7281753,78298.41935483871,0.023655913978494626,8.21505376344086,18,5
U0281,2024-06-02,84,2887348,34373.19047619047,0.02857142857142857,10.773809523809524,0,5
U0282,2024-06-02,106,4511675,42562.97169811321,0.14150943396226415,11.754716981132075,0,5
U0283,2024-01-08,71,3647305,51370.49295774648,0.005633802816901409,12.014084507042254,146,5
U0284,2024-06-02,75,3855422,51405.62666666666,0.02,28.36,0,5
U0285,2024-06-02,84,1271014,15131.119047619048,0.16547619047619047,11.119047619047619,0,5
U0286,2024-05-22,84,4175478,49708.07142857143,0.009523809523809525,16.642857142857142,11,5
U0287,2024-06-01,156,18172777,116492.16025641025,0.008974358974358975,28.224358974358974,1,5
U0288,2024-05-30,111,2589646,23330.144144144146,0.15990990990990991,7.018018018018018,3,5
U0289,2024-05-28,101,2584281,25586.940594059404,0.1425742574257426,11.237623762376238,5,5
U0290,2024-04-11,43,3306549,76896.48837209302,0.027906976744186046,18.13953488372093,52,5
U0291,2023-09-30,66,3050945,46226.43939393939,0.02878787878787879,14.878787878787879,246,5
U0292,2024-06-01,101,7243393,71716.76237623762,0.008910891089108912,18.77227722772277,1,5
U0293,2024-05-27,79,4145587,52475.784810126584,0.03544303797468354,19.873417721518987,6,5
U0294,2024-06-01,102,9968836,97733.6862745098,0.023529411764705882,13.862745098039216,1,5
U0295,2024-05-27,92,2992561,32527.83695652174,0.16847826086956522,11.141304347826088,6,5
U0296,2024-05-20,85,4258576,50100.89411764706,0.005294117647058823,12.776470588235295,13,5
U0297,2024-05-31,100,5136857,51368.57,0.1015,23.65,2,4
U0298,2024-06-01,116,6841790,58980.94827586207,0.00646551724137931,22.07758620689655,1,5
U0299,2024-06-01,105,4028617,38367.780952380956,0.14333333333333334,14.723809523809523,1,5
U0300,2024-05-28,103,3324471,32276.417475728154,0.1684466019417476,6.252427184466019,5,5
U0301,2024-05-24,96,5622189,58564.46875,0.03125,15.21875,9,5
U0302,2024-05-25,82,4189010,51085.48780487805,0.15182926829268295,17.121951219512194,8,5
U0303,2024-06-01,122,9279980,76065.40983606558,0.0,20.60655737704918,1,5
U0304,2024-06-01,91,2989074,32846.96703296703,0.006593406593406594,11.307692307692308,1,5
U0305,2024-05-24,90,5815450,64616.11111111111,0.03277777777777778,22.255555555555556,9,5
U0306,2024-05-31,80,6175155,77189.4375,0.0018750000000000004,8.15,2,5
U0307,2024-05-31,135,11538908,85473.39259259259,0.011111111111111112,20.644444444444446,2,5
U0308,2024-05-19,85,4004599,47112.92941176471,0.01941176470588235,20.129411764705882,14,5
U0309,2024-06-02,112,4556923,40686.8125,0.11607142857142858,13.1875,0,5
U0310,2024-06-02,95,5550594,58427.3052631579,0.01736842105263158,14.389473684210527,0,5
U0311,2023-06-01,41,2213031,53976.365853658535,0.004878048780487805,15.170731707317072,367,3
U0312,2024-05-29,108,3054602,28283.35185185185,0.16944444444444445,29.38888888888889,4,5
U0313,2024-06-01,103,3773724,36638.09708737864,0.11796116504854369,10.466019417475728,1,5
U0314,2024-06-02,137,7545107,55073.77372262774,0.025182481751824817,31.48175182481752,0,5
U0315,2024-01-17,68,3597408,52903.05882352941,0.011764705882352941,7.294117647058823,137,5
U0316,2024-06-02,96,2070478,21567.479166666668,0.14791666666666667,14.5,0,5
U0317,2024-05-26,91,4807332,52827.82417582418,0.01263736263736264,13.747252747252746,7,5
U0318,2024-05-25,92,3405416,37015.391304347824,0.12771739130434784,19.630434782608695,8,5
U0319,2024-06-02,88,5928798,67372.70454545454,0.03181818181818182,7.011363636363637,0,5
U0320,2024-06-02,93,2590185,27851.451612903227,0.12365591397849462,22.096774193548388,0,4
U0321,2024-05-31,94,2577632,27421.617021276597,0.13297872340425532,16.79787234042553,2,5
U0322,2024-05-11,84,4896799,58295.22619047619,0.011904761904761904,10.833333333333334,22,5
U0323,2024-06-02,100,5222374,52223.74,0.17149999999999999,14.4,0,5
U0324,2023-08-17,48,2384119,49669.145833333336,0.017708333333333333,12.333333333333334,290,5
U0325,2024-06-02,77,2297962,29843.66233766234,0.017532467532467535,20.01298701298701,0,4
U0326,2024-05-29,135,12184160,90253.03703703704,0.014444444444444446,14.644444444444444,4,4
U0327,2024-05-31,142,6366405,44833.83802816901,0.0017605633802816902,28.45774647887324,2,5
U0328,2024-06-02,105,2954137,28134.638095238097,0.17047619047619048,11.523809523809524,0,5
U0329,2024-05-19,96,2092569,21797.59375,0.16927083333333334,23.291666666666668,14,5
U0330,2024-06-02,96,2583954,26916.1875,0.178125,24.041666666666668,0,5
U0331,2024-05-28,95,4476323,47119.18947368421,0.037894736842105266,19.810526315789474,5,5
U0332,2024-05-31,79,7257893,91872.06329113925,0.006962025316455697,19.544303797468356,2,5
U0333,2024-01-28,66,3085758,46753.90909090909,0.006060606060606061,8.803030303030303,126,4
U0334,2024-06-02,91,7061285,77596.53846153847,0.01978021978021978,17.54945054945055,0,5
U0335,2024-06-02,140,17079041,121993.15,0.007857142857142858,23.0,0,4
U0336,2024-06-02,105,4932188,46973.219047619044,0.1257142857142857,7.580952380952381,0,5
U0337,2024-06-01,116,2883564,24858.310344827587,0.14525862068965517,20.844827586206897,1,5
U0338,2023-10-24,56,3570856,63765.28571428572,0.01875,12.767857142857142,222,4
U0339,2024-05-28,93,6960159,74840.41935483871,0.010752688172043012,12.24731182795699,5,5
U0340,2024-05-30,112,2859019,25526.95535714286,0.121875,20.133928571428573,3,5
U0341,2024-05-26,82,5497809,67046.4512195122,0.023170731707317076,23.963414634146343,7,5
U0342,2024-05-31,140,12131842,86656.0142857143,0.011071428571428572,20.95,2,5
U0343,2024-04-24,66,2648334,40126.27272727273,0.03409090909090909,10.43939393939394,39,5
U0344,2024-05-25,87,5421855,62320.1724137931,0.1764367816091954,8.344827586206897,8,5
U0345,2024-05-31,100,2661666,26616.66,0.1485,20.7,2,5
U0346,2024-05-30,86,6087029,70779.40697674418,0.010465116279069767,21.686046511627907,3,5
U0347,2024-05-29,83,2877178,34664.79518072289,0.012048192771084338,17.91566265060241,4,5
U0348,2024-05-29,86,4757375,55318.313953488374,0.02441860465116279,11.151162790697674,4,5
U0349,2024-06-02,101,2588161,25625.356435643564,0.10346534653465346,16.534653465346533,0,5
U0350,2024-05-26,89,2257290,25362.808988764045,0.14157303370786517,16.168539325842698,7,5
U0351,2024-06-01,93,4973964,53483.48387096774,0.00913978494623656,17.774193548387096,1,5
U0352,2024-03-27,81,3358661,41464.950617283954,0.0,7.8765432098765435,67,5
U0353,2024-05-27,132,16101437,121980.58333333333,0.010984848484848484,17.924242424242426,6,5
U0354,2024-05-30,96,2516822,26216.895833333332,0.12968749999999998,24.958333333333332,3,5
U0355,2024-05-30,91,6932417,76180.40659340659,0.011538461538461539,17.439560439560438,3,5
U0356,2024-05-19,82,3691453,45017.71951219512,0.01524390243902439,14.914634146341463,14,5
U0357,2024-06-01,96,3023888,31498.833333333332,0.15312499999999998,19.697916666666668,1,5
U0358,2023-11-01,47,2276188,48429.53191489362,0.003191489361702128,11.936170212765957,214,4
U0359,2024-06-01,107,4231384,39545.64485981308,0.11355140186915888,22.91588785046729,1,5
U0360,2024-06-02,91,5949547,65379.63736263736,0.01098901098901099,22.142857142857142,0,5
U0361,2024-05-28,84,5845225,69586.01190476191,0.017857142857142856,13.107142857142858,5,5
U0362,2024-03-07,51,2009403,39400.05882352941,0.0,9.862745098039216,87,5
U0363,2024-05-28,84,5202052,61929.19047619047,0.002380952380952381,7.083333333333333,5,4
U0364,2024-03-28,63,4929116,78239.93650793651,0.012698412698412698,8.88888888888889,66,5
U0365,2024-05-30,106,5665009,53443.481132075474,0.14952830188679245,14.830188679245284,3,5
U0366,2024-05-30,103,2591933,25164.398058252427,0.1616504854368932,15.37864077669903,3,5
U0367,2024-05-28,85,2738742,32220.49411764706,0.01647058823529412,19.388235294117646,5,5
U0368,2024-05-28,79,2285962,28936.227848101265,0.02405063291139241,12.69620253164557,5,5
U0369,2024-05-31,91,3058075,33605.21978021978,0.13791208791208792,20.021978021978022,2,5
U0370,2024-06-02,101,3639947,36039.07920792079,0.020297029702970294,7.900990099009901,0,5
U0371,2024-05-26,83,4379351,52763.26506024096,0.00963855421686747,17.40963855421687,7,5
U0372,2024-05-31,113,6784243,60037.54867256637,0.004424778761061947,27.097345132743364,2,5
U0373,2024-05-26,80,7941386,99267.325,0.015625,16.5375,7,5
U0374,2024-05-30,93,3480611,37425.92473118279,0.03494623655913978,11.774193548387096,3,5
U0375,2024-06-02,100,10071865,100718.65,0.0245,15.48,0,5
U0376,2024-05-28,90,2641971,29355.233333333334,0.1788888888888889,16.644444444444446,5,5
U0377,2024-03-15,52,5046255,97043.36538461539,0.0019230769230769232,4.884615384615385,79,4
U0378,2024-03-05,76,3476301,45740.80263157895,0.009868421052631578,8.93421052631579,89,5
U0379,2024-05-24,89,3183210,35766.40449438202,0.18595505617977529,13.651685393258427,9,5
U0380,2024-05-31,114,4008497,35162.254385964916,0.1307017543859649,19.20175438596491,2,5
U0381,2024-05-28,110,5871842,53380.38181818182,0.012727272727272726,9.236363636363636,5,5
U0382,2024-06-01,103,3417331,33177.970873786406,0.1344660194174757,16.59223300970874,1,5
U0383,2024-01-27,39,2366734,60685.48717948718,0.010256410256410256,13.0,127,5
U0384,2024-04-11,75,2444474,32592.986666666668,0.009333333333333332,11.066666666666666,52,5
U0385,2024-05-24,93,8012337,86154.16129032258,0.002688172043010753,4.580645161290323,9,5
U0386,2024-06-02,126,9900105,78572.26190476191,0.009523809523809523,29.976190476190474,0,5
U0387,2024-05-31,78,3780661,48470.01282051282,0.017948717948717947,17.78205128205128,2,5
U0388,2024-06-02,96,6825705,71101.09375,0.01875,17.885416666666668,0,5
U0389,2024-06-02,88,2181515,24789.94318181818,0.1659090909090909,23.647727272727273,0,5
U0390,2024-05-23,94,3316548,35282.425531914894,0.013297872340425532,20.372340425531913,10,5
U0391,2024-05-26,133,11605903,87262.42857142857,0.01804511278195489,11.293233082706767,7,5
U0392,2024-06-02,92,5339220,58035.0,0.024456521739130436,15.521739130434783,0,5
U0393,2024-06-01,113,3456024,30584.283185840708,0.1570796460176991,29.088495575221238,1,5
U0394,2024-05-17,92,4477119,48664.336956521736,0.13097826086956524,23.195652173913043,16,5
U0395,2024-05-31,104,6000618,57698.25,0.0125,17.48076923076923,2,5
U0396,2024-06-02,84,4585091,54584.416666666664,0.004761904761904762,17.845238095238095,0,5
U0397,2024-05-28,111,3746323,33750.657657657655,0.10810810810810811,22.954954954954953,5,5
U0398,2024-06-01,97,5175819,53358.9587628866,0.02577319587628866,20.329896907216494,1,5
U0399,2024-05-26,92,3835910,41694.67391304348,0.009782608695652175,12.445652173913043,7,5
U0400,2024-05-30,83,3700040,44578.79518072289,0.014457831325301203,16.819277108433734,3,5
U0401,2024-06-01,94,5174323,55045.98936170213,0.005851063829787235,12.127659574468085,1,5
U0402,2024-05-18,93,4197774,45137.354838709674,0.023655913978494626,13.10752688172043,15,5
U0403,2024-05-27,129,17329154,134334.52713178293,0.009689922480620155,29.271317829457363,6,5
U0404,2024-05-28,78,5071227,65015.730769230766,0.013461538461538462,11.012820512820513,5,5
U0405,2024-06-02,96,3892419,40546.03125,0.027083333333333334,4.083333333333333,0,5
U0406,2024-05-29,89,2868141,32226.303370786518,0.15337078651685393,18.314606741573034,4,5
U0407,2024-05-31,107,6244277,58357.72897196261,0.006542056074766355,13.953271028037383,2,4
U0408,2024-05-29,82,4487147,54721.30487804878,0.1353658536585366,11.134146341463415,4,5
U0409,2024-06-02,100,3383233,33832.33,0.154,18.55,0,5
U0410,2024-04-23,71,4649882,65491.295774647886,0.0035211267605633804,16.070422535211268,40,5
U0411,2024-06-01,93,7626105,82001.12903225806,0.011290322580645162,16.311827956989248,1,5
U0412,2024-06-02,96,4628924,48217.958333333336,0.011979166666666666,13.697916666666666,0,5
U0413,2024-05-29,92,3171207,34469.641304347824,0.17282608695652174,20.532608695652176,4,5
U0414,2024-05-28,84,3758199,44740.46428571428,0.007738095238095237,14.821428571428571,5,5
U0415,2024-05-31,88,4670556,53074.5,0.02159090909090909,6.011363636363637,2,5
U0416,2024-05-25,77,4139035,53753.7012987013,0.01948051948051948,15.428571428571429,8,5
U0417,2024-05-28,88,1885963,21431.397727272728,0.13295454545454544,25.988636363636363,5,5
U0418,2024-05-19,108,4258835,39433.65740740741,0.16435185185185186,17.685185185185187,14,5
U0419,2024-05-23,83,5857724,70574.98795180723,0.02108433734939759,20.50602409638554,10,5
U0420,2024-05-25,85,2535487,29829.258823529413,0.1476470588235294,16.929411764705883,8,5
U0421,2024-03-16,42,2771538,65989.0,0.03571428571428571,14.476190476190476,78,4
U0422,2024-06-02,92,4544827,49400.29347826087,0.02771739130434783,14.054347826086957,0,5
U0423,2024-05-27,84,4906719,58413.32142857143,0.019642857142857142,14.726190476190476,6,5
U0424,2024-05-15,74,3336663,45090.04054054054,0.15945945945945947,27.04054054054054,18,5
U0425,2024-05-28,91,5447707,59864.91208791209,0.024725274725274724,17.516483516483518,5,5
U0426,2024-06-02,92,5066387,55069.42391304348,0.01032608695652174,7.641304347826087,0,4
U0427,2024-05-26,145,8178879,56406.06206896552,0.002413793103448276,30.310344827586206,7,5
U0428,2024-05-25,92,3225638,35061.282608695656,0.005978260869565218,22.347826086956523,8,5
U0429,2024-05-30,99,4038414,40792.06060606061,0.005555555555555556,15.545454545454545,3,4
U0430,2024-05-19,99,2480578,25056.343434343435,0.13535353535353536,21.22222222222222,14,5
U0431,2024-06-01,86,2347491,27296.406976744187,0.15872093023255815,15.418604651162791,1,5
U0432,2024-06-01,90,4353508,48372.311111111114,0.1461111111111111,21.08888888888889,1,5
U0433,2024-02-03,56,2711516,48419.92857142857,0.019642857142857146,19.285714285714285,120,3
U0434,2024-05-31,87,5905699,67881.59770114943,0.029310344827586206,13.448275862068966,2,5
U0435,2024-06-02,77,4305393,55914.194805194806,0.009090909090909092,17.766233766233768,0,5
U0436,2024-05-27,95,3834216,40360.16842105263,0.12842105263157894,9.83157894736842,6,5
U0437,2024-06-01,96,5656498,58921.854166666664,0.021875000000000002,12.260416666666666,1,5
U0438,2024-05-22,72,4498095,62473.541666666664,0.025694444444444447,20.319444444444443,11,5
U0439,2024-05-26,91,4692099,51561.52747252747,0.025824175824175826,17.373626373626372,7,5
U0440,2024-05-28,96,6194816,64529.333333333336,0.011458333333333334,6.84375,5,5
U0441,2024-05-29,92,3156975,34314.94565217391,0.1364130434782609,21.815217391304348,4,5
U0442,2024-06-02,104,2271204,21838.5,0.15865384615384615,21.78846153846154,0,4
U0443,2024-05-26,44,2542851,57792.068181818184,0.019318181818181818,24.272727272727273,7,4
U0444,2024-01-19,23,783297,34056.391304347824,0.015217391304347827,14.0,135,5
U0445,2024-06-02,89,6664520,74882.24719101124,0.11629213483146067,14.853932584269662,0,5
U0446,2024-05-19,94,6298457,67004.86170212766,0.018085106382978722,15.638297872340425,14,5
U0447,2024-05-22,77,4952077,64312.68831168831,0.024675324675324677,15.363636363636363,11,4
U0448,2024-04-18,43,1771151,41189.558139534885,0.002325581395348837,12.023255813953488,45,4
U0449,2024-02-03,53,2320074,43774.981132075474,0.01509433962264151,12.830188679245284,120,4
U0450,2024-06-02,95,5598683,58933.505263157895,0.01263157894736842,3.4947368421052634,0,5
U0451,2023-09-12,51,2524964,49509.098039215685,0.0196078431372549,14.72549019607843,264,5
U0452,2024-05-23,93,4614522,49618.51612903226,0.15913978494623657,13.731182795698924,10,5
U0453,2024-06-01,84,3209662,38210.26190476191,0.016071428571428573,16.202380952380953,1,4
U0454,2023-09-23,56,3207306,57273.32142857143,0.005357142857142858,11.821428571428571,253,4
U0455,2024-06-01,100,3839838,38398.38,0.14700000000000002,16.29,1,5
U0456,2024-05-23,92,4962336,53938.434782608696,0.019021739130434784,15.467391304347826,10,5
U0457,2024-05-28,47,2290828,48741.02127659575,0.007446808510638297,19.340425531914892,5,5
U0458,2023-06-24,35,1703003,48657.22857142857,0.004285714285714286,12.028571428571428,344,4
U0459,2024-05-31,83,2029207,24448.277108433736,0.12650602409638553,10.843373493975903,2,5
U0460,2024-06-01,83,3147468,37921.301204819276,0.026506024096385545,21.457831325301203,1,5
U0461,2024-05-18,97,6661836,68678.72164948453,0.003608247422680412,13.835051546391753,15,4
U0462,2024-05-30,94,5156406,54855.382978723406,0.014361702127659576,18.882978723404257,3,5
U0463,2024-05-16,73,4263915,58409.79452054795,0.021232876712328767,6.63013698630137,17,4
U0464,2024-05-11,96,2452164,25543.375,0.14114583333333333,11.260416666666666,22,5
U0465,2024-06-01,90,6467349,71859.43333333333,0.003333333333333334,22.755555555555556,1,5
U0466,2024-05-31,108,6024034,55778.09259259259,0.006944444444444444,14.953703703703704,2,5
U0467,2024-01-04,66,3255726,49329.181818181816,0.012878787878787878,9.696969696969697,150,5
U0468,2024-05-23,93,4614695,49620.37634408602,0.016129032258064516,9.698924731182796,10,5
U0469,2024-05-30,136,8777351,64539.345588235294,0.014338235294117646,26.154411764705884,3,5
U0470,2024-06-01,87,4379986,50344.666666666664,0.15862068965517243,19.666666666666668,1,5
U0471,2024-06-02,118,18466864,156498.84745762713,0.001694915254237288,28.89830508474576,0,5
U0472,2024-06-02,121,8143907,67305.01652892563,0.0024793388429752063,21.40495867768595,0,5
U0473,2024-05-30,104,3681744,35401.38461538462,0.14134615384615384,13.173076923076923,3,5
U0474,2024-06-02,91,2564884,28185.53846153846,0.12197802197802197,15.912087912087912,0,5
U0475,2024-05-21,108,4632949,42897.67592592593,0.12037037037037036,15.00925925925926,12,5
U0476,2024-06-01,111,5773800,52016.21621621621,0.13468468468468467,10.972972972972974,1,5
U0477,2024-05-21,96,7322535,76276.40625,0.010937500000000001,29.166666666666668,12,5
U0478,2024-06-01,87,6411812,73698.98850574713,0.01896551724137931,8.413793103448276,1,5
U0479,2024-06-02,99,7643332,77205.37373737374,0.016666666666666666,10.828282828282829,0,5
U0480,2024-02-13,58,2530040,43621.379310344826,0.01982758620689655,14.96551724137931,110,4
U0481,2024-05-26,92,2277685,24757.445652173912,0.18695652173913044,7.510869565217392,7,5
U0482,2024-05-30,77,3034376,39407.48051948052,0.016883116883116885,18.714285714285715,3,5
U0483,2024-05-31,130,7816842,60129.553846153845,0.006923076923076923,32.33076923076923,2,5
U0484,2024-05-24,88,4222155,47979.03409090909,0.15681818181818183,24.136363636363637,9,5
U0485,2024-05-27,82,7332467,89420.32926829268,0.020121951219512196,17.658536585365855,6,5
U0486,2024-03-22,82,3595293,43845.03658536585,0.020731707317073172,8.573170731707316,72,5
U0487,2024-05-31,104,4761922,45787.71153846154,0.0875,14.403846153846153,2,5
U0488,2023-04-03,26,1150469,44248.807692307695,0.01346153846153846,19.23076923076923,426,4
U0489,2024-05-24,73,3211284,43990.191780821915,0.01917808219178082,3.7260273972602738,9,4
U0490,2024-05-30,87,3909780,44940.0,0.16494252873563217,16.24137931034483,3,5
U0491,2024-06-02,113,3370237,29825.106194690266,0.13495575221238937,18.734513274336283,0,5
U0492,2024-05-31,124,12152994,98008.01612903226,0.020161290322580645,34.36290322580645,2,5
U0493,2024-05-25,105,11700882,111436.97142857143,0.016666666666666666,8.99047619047619,8,5
U0494,2024-06-01,99,3282316,33154.707070707074,0.15555555555555556,11.01010101010101,1,5
U0495,2023-06-29,47,3003268,63899.31914893617,0.005319148936170213,7.638297872340425,339,5
U0496,2024-05-19,143,10686748,74732.5034965035,0.018531468531468535,23.902097902097903,14,5
U0497,2024-06-02,90,2888456,32093.955555555556,0.1527777777777778,26.844444444444445,0,4
U0498,2023-12-02,24,1859937,77497.375,0.008333333333333333,6.791666666666667,183,5
U0499,2024-05-25,136,11552273,84943.18382352941,0.0033088235294117647,18.941176470588236,8,5
U0500,2024-05-26,107,8995225,84067.52336448598,0.004672897196261682,11.626168224299066,7,5
U0501,2024-05-29,91,8028499,88225.26373626373,0.023626373626373626,8.868131868131869,4,5
U0502,2023-05-26,27,1317621,48800.77777777778,0.007407407407407408,10.185185185185185,373,4
U0503,2024-05-30,88,5537119,62921.806818181816,0.015340909090909093,10.545454545454545,3,5
U0504,2024-06-02,102,1926384,18886.117647058825,0.12549019607843137,26.862745098039216,0,5
U0505,2024-05-31,84,2672810,31819.166666666668,0.13154761904761905,27.642857142857142,2,5
U0506,2024-05-23,87,4023383,46245.7816091954,0.03333333333333333,22.850574712643677,10,5
U0507,2024-06-01,88,7921032,90011.72727272728,0.023863636363636365,8.556818181818182,1,5
U0508,2024-06-02,56,2499753,44638.44642857143,0.010714285714285714,3.5,0,5
U0509,2024-06-02,125,8828432,70627.456,0.0,18.744,0,5
U0510,2024-05-31,69,3913448,56716.637681159424,0.0318840579710145,13.695652173913043,2,5
U0511,2024-06-02,93,6496180,69851.39784946236,0.01827956989247312,21.741935483870968,0,5
U0512,2024-05-26,87,2368564,27224.873563218393,0.1752873563218391,15.954022988505747,7,4
U0513,2024-05-18,96,2583122,26907.520833333332,0.17552083333333335,26.260416666666668,15,5
U0514,2024-06-02,84,3603824,42902.666666666664,0.013690476190476189,19.345238095238095,0,5
U0515,2024-05-31,85,4383577,51571.49411764706,0.020588235294117647,8.941176470588236,2,5
U0516,2024-05-10,84,3097691,36877.27380952381,0.008928571428571428,15.166666666666666,23,5
U0517,2024-05-28,150,13147395,87649.3,0.009333333333333332,33.413333333333334,5,5
U0518,2024-05-28,95,3569277,37571.336842105266,0.12842105263157894,22.652631578947368,5,5
U0519,2024-05-12,88,3019378,34311.11363636364,0.017045454545454544,21.03409090909091,21,5
U0520,2024-05-29,116,5226359,45054.81896551724,0.13577586206896552,15.379310344827585,4,5
U0521,2024-05-30,86,5824480,67726.51162790698,0.006395348837209303,6.1395348837209305,3,5
U0522,2024-04-19,48,2773731,57786.0625,0.0,13.229166666666666,44,4
U0523,2024-06-01,87,2495323,28681.873563218393,0.12413793103448277,27.701149425287355,1,5
U0524,2024-05-22,81,3513139,43372.08641975309,0.008641975308641974,9.950617283950617,11,5
U0525,2024-05-27,123,9694889,78820.23577235773,0.0069105691056910576,15.268292682926829,6,4
U0526,2023-12-25,63,5078198,80606.31746031746,0.011111111111111112,17.555555555555557,160,5
U0527,2024-06-02,92,3836932,41705.782608695656,0.022282608695652174,6.978260869565218,0,5
U0528,2024-05-29,103,3429730,33298.34951456311,0.1388349514563107,11.70873786407767,4,4
U0529,2024-05-25,84,3258940,38796.90476190476,0.013690476190476189,12.214285714285714,8,5
U0530,2024-05-22,88,4803197,54581.78409090909,0.03181818181818182,11.681818181818182,11,5
U0531,2024-05-31,136,18724945,137683.41911764705,0.003676470588235294,24.823529411764707,2,5
U0532,2024-05-28,98,2270621,23169.602040816328,0.13316326530612246,25.693877551020407,5,5
U0533,2023-12-22,70,4538696,64838.514285714286,0.012142857142857143,22.52857142857143,163,5
U0534,2024-03-21,51,1354375,26556.37254901961,0.008823529411764706,8.882352941176471,73,5
U0535,2024-04-28,73,3268470,44773.561643835616,0.008904109589041096,15.397260273972602,35,5
U0536,2024-02-04,48,2430225,50629.6875,0.013541666666666667,15.541666666666666,119,5
U0537,2024-05-25,108,4218973,39064.56481481482,0.12037037037037036,6.981481481481482,8,5
U0538,2024-06-02,88,7578569,86120.10227272728,0.0125,8.772727272727273,0,5
U0539,2024-03-19,77,3812981,49519.23376623377,0.02922077922077922,14.532467532467532,75,5
U0540,2024-06-01,86,5996767,69729.8488372093,0.003488372093023256,17.941860465116278,1,5
U0541,2024-06-02,94,4383102,46628.744680851065,0.00851063829787234,23.617021276595743,0,5
U0542,2024-06-01,89,7642970,85876.06741573034,0.008426966292134831,19.43820224719101,1,5
U0543,2024-05-27,78,4110324,52696.46153846154,0.011538461538461539,15.987179487179487,6,5
U0544,2024-05-30,107,4183381,39097.01869158878,0.14626168224299066,13.766355140186915,3,5
U0545,2024-06-01,98,4919225,50196.17346938775,0.1739795918367347,18.96938775510204,1,5
U0546,2024-05-26,82,3496770,42643.53658536585,0.007926829268292683,14.902439024390244,7,5
U0547,2023-03-28,34,1417606,41694.294117647056,0.007352941176470588,7.5588235294117645,432,5
U0548,2024-06-01,142,13949869,98238.51408450704,0.00528169014084507,19.154929577464788,1,5
U0549,2024-05-27,97,3578529,36892.051546391755,0.005154639175257732,18.309278350515463,6,5
U0550,2024-05-28,105,5323306,50698.15238095238,0.12761904761904763,22.476190476190474,5,5
U0551,2024-05-31,96,2459856,25623.5,0.1546875,10.947916666666666,2,5
U0552,2024-06-02,98,2067269,21094.581632653062,0.13163265306122449,19.959183673469386,0,5
U0553,2024-06-02,91,2465054,27088.505494505494,0.1554945054945055,19.417582417582416,0,5
U0554,2024-05-26,108,4673464,43272.81481481482,0.027314814814814816,11.88888888888889,7,5
U0555,2024-05-31,96,5315220,55366.875,0.01875,21.75,2,5
U0556,2024-06-02,101,2984234,29546.871287128713,0.11188118811881188,18.346534653465348,0,5
U0557,2024-05-27,51,2202315,43182.64705882353,0.01666666666666667,20.980392156862745,6,5
U0558,2024-05-28,76,4918451,64716.46052631579,0.008552631578947369,18.526315789473685,5,5
U0559,2024-05-30,92,5580962,60662.63043478261,0.12771739130434784,4.793478260869565,3,5
U0560,2024-05-19,97,3496216,36043.463917525776,0.13659793814432988,17.989690721649485,14,5
U0561,2024-05-28,78,4479658,57431.51282051282,0.004487179487179488,13.705128205128204,5,5
U0562,2024-05-28,92,3775353,41036.44565217391,0.12010869565217393,6.010869565217392,5,5
U0563,2024-05-30,82,3866614,47153.829268292684,0.016463414634146342,10.012195121951219,3,5
U0564,2024-05-30,102,3633441,35621.970588235294,0.12745098039215685,22.666666666666668,3,5
U0565,2024-06-01,141,11188239,79349.21276595745,0.00425531914893617,30.46808510638298,1,5
U0566,2024-02-28,64,3922685,61291.953125,0.0015625,10.6875,95,5
U0567,2024-05-11,84,1871618,22281.166666666668,0.02142857142857143,15.666666666666666,22,5
U0568,2024-06-02,98,3578690,36517.244897959186,0.13010204081632654,19.316326530612244,0,5
U0569,2024-05-31,96,4946126,51522.145833333336,0.005208333333333333,16.052083333333332,2,5
U0570,2024-05-25,106,2761604,26052.867924528302,0.10141509433962265,25.32075471698113,8,5
U0571,2024-05-29,101,4461674,44174.9900990099,0.021782178217821784,11.07920792079208,4,5
U0572,2024-05-25,93,8481338,91197.18279569893,0.010752688172043012,14.623655913978494,8,5
U0573,2024-06-02,93,2168307,23315.129032258064,0.14139784946236558,9.494623655913978,0,5
U0574,2024-05-12,79,5604167,70938.82278481012,0.013924050632911394,17.531645569620252,21,5
U0575,2023-11-12,35,1288770,36822.0,0.01,14.8,203,5
U0576,2024-06-02,116,3087798,26618.94827586207,0.17543103448275862,20.74137931034483,0,4
U0577,2024-05-10,89,5715283,64216.66292134832,0.010112359550561799,7.078651685393258,23,5
U0578,2024-06-01,88,6622669,75257.60227272728,0.025,10.443181818181818,1,5
U0579,2024-05-29,87,5854036,67287.77011494253,0.021839080459770115,14.563218390804598,4,5
U0580,2024-06-02,74,3915984,52918.7027027027,0.02297297297297297,14.135135135135135,0,5
U0581,2024-05-28,127,13640897,107408.63779527559,0.005118110236220472,20.094488188976378,5,5
U0582,2024-05-18,91,4016834,44141.03296703297,0.011538461538461539,11.241758241758241,15,5
U0583,2024-05-27,78,7617584,97661.33333333333,0.01217948717948718,17.025641025641026,6,5
U0584,2024-06-02,97,2484136,25609.649484536083,0.14639175257731957,22.79381443298969,0,4
U0585,2024-06-01,85,5317025,62553.23529411765,0.014117647058823528,12.258823529411766,1,5
U0586,2024-05-19,73,3610867,49463.931506849316,0.004794520547945205,22.54794520547945,14,5
U0587,2024-06-01,128,7725935,60358.8671875,0.00859375,17.7734375,1,5
U0588,2024-06-01,89,5113727,57457.606741573036,0.021348314606741574,14.146067415730338,1,5
U0589,2024-06-02,133,7837387,58927.721804511275,0.007518796992481203,25.458646616541355,0,5
U0590,2024-05-20,100,2640086,26400.86,0.134,19.3,13,5
U0591,2024-05-29,146,10941191,74939.66438356164,0.0030821917808219177,21.068493150684933,4,5
U0592,2024-04-13,47,1478676,31461.191489361703,0.02340425531914894,5.702127659574468,50,5
U0593,2024-06-02,137,11818319,86265.10218978103,0.01861313868613139,21.795620437956206,0,5
U0594,2024-06-02,88,4768409,54186.46590909091,0.010795454545454546,19.90909090909091,0,5
U0595,2024-05-23,141,9500471,67379.22695035461,0.0017730496453900709,20.581560283687942,10,5
U0596,2024-05-22,84,4400034,52381.357142857145,0.005357142857142857,9.75,11,5
U0597,2024-06-01,126,15813503,125503.99206349206,0.009126984126984128,31.849206349206348,1,5
U0598,2024-05-30,106,4684866,44196.84905660377,0.1169811320754717,20.349056603773583,3,5
U0599,2024-05-25,86,3328544,38704.0,0.14651162790697675,9.94186046511628,8,5
U0600,2024-05-27,100,4107327,41073.27,0.175,21.7,6,5
U0601,2024-06-02,83,4235870,51034.57831325301,0.01927710843373494,11.602409638554217,0,5
U0602,2024-06-02,102,2817476,27622.313725490196,0.1196078431372549,22.58823529411765,0,5
U0603,2024-05-14,93,5663060,60893.11827956989,0.02956989247311828,23.204301075268816,19,5
U0604,2024-06-02,91,1892630,20798.13186813187,0.11923076923076922,24.12087912087912,0,5
U0605,2024-02-15,46,2294978,49890.82608695652,0.006521739130434784,15.73913043478261,108,5
U0606,2024-05-30,76,6218082,81816.86842105263,0.006578947368421052,13.947368421052632,3,5
U0607,2024-05-29,95,5391273,56750.242105263154,0.006842105263157895,11.736842105263158,4,5
U0608,2024-05-21,92,2756384,29960.695652173912,0.019021739130434784,10.717391304347826,12,5
U0609,2024-05-31,81,3066510,37858.148148148146,0.012962962962962964,13.925925925925926,2,5
U0610,2024-05-29,93,5098161,54818.93548387097,0.008064516129032258,8.655913978494624,4,5
U0611,2024-06-02,81,6255700,77230.86419753087,0.010493827160493829,16.51851851851852,0,5
U0612,2024-02-13,84,2287340,27230.238095238095,0.0244047619047619,12.630952380952381,110,5
U0613,2024-06-02,123,7876080,64033.170731707316,0.0020325203252032522,24.951219512195124,0,5
U0614,2024-05-31,98,5888311,60084.80612244898,0.01020408163265306,11.13265306122449,2,5
U0615,2024-05-19,58,3165592,54579.1724137931,0.010344827586206896,6.068965517241379,14,5
U0616,2024-06-01,100,2548698,25486.98,0.13,18.34,1,5
U0617,2024-05-26,76,4716695,62061.77631578947,0.023026315789473683,17.789473684210527,7,5
U0618,2024-05-30,109,3848776,35309.87155963303,0.011926605504587157,8.688073394495413,3,5
U0619,2024-05-31,94,2428550,25835.63829787234,0.17819148936170212,20.617021276595743,2,5
U0620,2023-11-18,67,2251761,33608.37313432836,0.023134328358208955,15.880597014925373,197,5
U0621,2024-05-29,94,7053629,75038.60638297872,0.02553191489361702,19.117021276595743,4,5
U0622,2024-06-02,97,6780882,69906.0,0.022164948453608245,17.52577319587629,0,5
U0623,2024-06-02,92,5443519,59168.684782608696,0.01032608695652174,11.358695652173912,0,5
U0624,2024-05-27,91,3623749,39821.41758241758,0.005494505494505495,17.516483516483518,6,5
U0625,2024-05-24,95,2937172,30917.6,0.15736842105263157,22.263157894736842,9,5
U0626,2024-06-01,92,4520882,49140.02173913043,0.013043478260869565,21.304347826086957,1,4
U0627,2024-05-28,107,4696671,43894.121495327105,0.14205607476635512,9.57943925233645,5,5
U0628,2024-05-31,140,11664784,83319.88571428572,0.007500000000000001,12.942857142857143,2,5
U0629,2024-06-01,88,2571066,29216.659090909092,0.010227272727272727,11.988636363636363,1,5
U0630,2024-06-02,69,3651684,52922.95652173913,0.005797101449275362,12.043478260869565,0,5
U0631,2024-05-28,97,6060054,62474.78350515464,0.00979381443298969,10.917525773195877,5,5
U0632,2024-05-27,81,5669837,69997.98765432098,0.016666666666666666,15.0,6,5
U0633,2024-06-01,146,12817459,87790.81506849315,0.005821917808219178,28.986301369863014,1,5
U0634,2023-11-23,71,3611441,50865.366197183095,0.011267605633802818,5.352112676056338,192,5
U0635,2024-04-23,34,2283092,67149.76470588235,0.007352941176470588,3.764705882352941,40,5
U0636,2024-06-01,121,6073069,50190.652892561986,0.01487603305785124,29.231404958677686,1,5
U0637,2024-06-02,126,10135857,80443.30952380953,0.007539682539682539,22.341269841269842,0,5
U0638,2024-05-29,90,5371942,59688.24444444444,0.016666666666666666,14.2,4,5
U0639,2024-05-31,81,5829763,71972.38271604938,0.012962962962962964,17.864197530864196,2,5
U0640,2024-05-31,77,6307032,81909.50649350649,0.023376623376623377,15.792207792207792,2,5
U0641,2024-06-01,99,3753275,37911.868686868685,0.11868686868686869,15.505050505050505,1,5
U0642,2024-05-31,94,3427291,36460.54255319149,0.009042553191489363,14.553191489361701,2,5
U0643,2024-04-22,81,3351249,41373.444444444445,0.0037037037037037043,19.864197530864196,41,5
U0644,2024-05-27,139,16343219,117577.11510791368,0.008992805755395683,19.62589928057554,6,5
U0645,2024-01-17,49,2380095,48573.36734693877,0.0071428571428571435,10.612244897959183,137,5
U0646,2024-05-30,92,3845309,41796.836956521736,0.1831521739130435,28.206521739130434,3,5
U0647,2024-06-02,96,4466729,46528.427083333336,0.005208333333333333,19.604166666666668,0,5
U0648,2024-05-29,83,4823961,58120.01204819277,0.013855421686746989,27.06024096385542,4,5
U0649,2024-05-28,103,3307664,32113.242718446603,0.1407766990291262,9.300970873786408,5,5
U0650,2024-06-01,87,4530385,52073.3908045977,0.014367816091954023,15.701149425287356,1,5
U0651,2024-05-30,71,3759917,52956.57746478873,0.011971830985915493,13.52112676056338,3,5
U0652,2024-05-18,92,2410884,26205.260869565216,0.09619565217391304,27.619565217391305,15,5
U0653,2024-06-02,102,6913799,67782.3431372549,0.011764705882352941,14.794117647058824,0,5
U0654,2024-05-26,91,4781944,52548.83516483517,0.040109890109890106,14.725274725274724,7,5
U0655,2024-05-23,90,2632114,29245.71111111111,0.15833333333333333,24.622222222222224,10,5
U0656,2024-05-25,83,5685076,68494.89156626505,0.00963855421686747,4.120481927710843,8,4
U0657,2024-06-02,93,3339344,35906.92473118279,0.013978494623655914,19.161290322580644,0,5
U0658,2023-09-22,51,2958935,58018.333333333336,0.021568627450980395,15.666666666666666,254,4
U0659,2024-06-01,94,7055976,75063.5744680851,0.02021276595744681,9.595744680851064,1,5
U0660,2024-05-22,114,10128741,88848.6052631579,0.004824561403508772,31.57894736842105,11,5
U0661,2024-05-29,102,5436252,53296.58823529412,0.1892156862745098,30.91176470588235,4,5
U0662,2024-05-28,128,11152070,87125.546875,0.0078125,26.0625,5,5
U0663,2024-05-26,87,8058828,92630.20689655172,0.020114942528735632,5.804597701149425,7,5
U0664,2024-05-31,111,4947611,44573.07207207207,0.14279279279279278,13.927927927927929,2,5
U0665,2024-05-30,99,3673906,37110.16161616162,0.14040404040404042,15.0,3,5
U0666,2024-05-30,77,2968491,38551.831168831166,0.022727272727272728,6.974025974025974,3,5
U0667,2024-06-02,86,5434955,63197.151162790695,0.01744186046511628,17.162790697674417,0,5
U0668,2024-05-30,82,3868108,47172.04878048781,0.0036585365853658543,5.134146341463414,3,5
U0669,2024-05-29,109,5725523,52527.733944954125,0.0036697247706422016,21.045871559633028,4,5
U0670,2024-05-31,106,6542297,61719.78301886792,0.16273584905660377,7.981132075471698,2,5
U0671,2024-05-10,55,2781539,50573.43636363636,0.022727272727272728,18.70909090909091,23,4
U0672,2024-05-19,93,4213992,45311.74193548387,0.13440860215053763,8.473118279569892,14,5
U0673,2023-12-19,73,3552033,48657.98630136986,0.01780821917808219,20.205479452054796,166,4
U0674,2024-05-28,84,1798537,21411.154761904763,0.13571428571428573,22.44047619047619,5,4
U0675,2024-06-01,101,3286911,32543.673267326732,0.1594059405940594,21.178217821782177,1,5
U0676,2024-05-21,94,3843398,40887.21276595745,0.12180851063829787,17.53191489361702,12,5
U0677,2024-06-02,93,3842446,41316.62365591398,0.1467741935483871,14.666666666666666,0,5
U0678,2024-06-02,108,2712066,25111.722222222223,0.02175925925925926,13.36111111111111,0,5
U0679,2024-06-02,82,5579001,68036.59756097561,0.014634146341463414,15.304878048780488,0,5
U0680,2024-05-24,87,6110027,70230.19540229885,0.014942528735632184,14.597701149425287,9,5
U0681,2024-05-31,103,9623544,93432.46601941748,0.007281553398058253,9.54368932038835,2,5
U0682,2024-06-02,87,2202462,25315.655172413793,0.18160919540229886,23.862068965517242,0,5
U0683,2024-06-01,149,9270258,62216.4966442953,0.002684563758389262,24.348993288590606,1,5
U0684,2024-05-29,100,4542426,45424.26,0.0035000000000000005,21.95,4,4
U0685,2024-06-01,100,7962502,79625.02,0.013000000000000001,12.78,1,5
U0686,2024-06-02,114,3873683,33979.67543859649,0.17631578947368423,21.149122807017545,0,5
U0687,2024-05-27,81,2697568,33303.30864197531,0.14814814814814814,16.012345679012345,6,5
U0688,2024-05-18,86,3009041,34988.848837209305,0.027906976744186046,17.441860465116278,15,5
U0689,2024-05-09,95,3231337,34014.073684210525,0.14263157894736841,22.526315789473685,24,5
U0690,2024-05-27,86,2809733,32671.31395348837,0.16511627906976745,9.034883720930232,6,5
U0691,2024-05-23,92,2877600,31278.260869565216,0.13260869565217392,15.858695652173912,10,5
U0692,2024-06-02,88,4359569,49540.556818181816,0.1465909090909091,4.784090909090909,0,5
U0693,2024-05-25,96,4340511,45213.65625,0.02135416666666667,14.822916666666666,8,4
U0694,2024-06-02,90,3489127,38768.07777777778,0.005,11.422222222222222,0,5
U0695,2024-03-24,60,2154407,35906.78333333333,0.019166666666666665,19.783333333333335,70,5
U0696,2024-06-02,137,11422499,83375.90510948905,0.012408759124087591,28.401459854014597,0,5
U0697,2024-05-23,125,6809050,54472.4,0.0012000000000000001,24.888,10,5
U0698,2024-06-02,92,4252367,46221.38043478261,0.011956521739130435,13.369565217391305,0,5
U0699,2024-05-26,78,5099086,65372.89743589744,0.03717948717948718,5.9743589743589745,7,5
U0700,2024-05-27,137,10478506,76485.44525547445,0.0014598540145985403,33.07299270072993,6,5
U0701,2024-06-02,83,3041097,36639.72289156626,0.012650602409638554,19.867469879518072,0,5
U0702,2024-06-02,139,14390747,103530.55395683453,0.014388489208633094,37.31654676258993,0,5
U0703,2024-06-01,97,2539056,26175.835051546394,0.12989690721649483,11.938144329896907,1,5
U0704,2024-06-01,96,1820241,18960.84375,0.16614583333333333,21.895833333333332,1,5
U0705,2024-05-30,82,1928200,23514.634146341465,0.009146341463414634,15.963414634146341,3,5
U0706,2024-05-24,93,3318128,35678.79569892473,0.017204301075268817,7.408602150537634,9,5
U0707,2024-06-02,128,10342608,80801.625,0.000390625,23.640625,0,5
U0708,2024-05-31,94,4051707,43103.265957446805,0.01170212765957447,12.72340425531915,2,5
U0709,2024-03-28,40,1681213,42030.325,0.01,4.65,66,4
U0710,2024-05-29,93,4676025,50279.83870967742,0.0032258064516129037,20.408602150537636,4,5
U0711,2024-01-02,64,4366807,68231.359375,0.03671875,12.515625,152,5
U0712,2024-06-02,92,7538563,81940.90217391304,0.02065217391304348,10.097826086956522,0,5
U0713,2024-06-01,93,3639548,39134.92473118279,0.021505376344086023,20.591397849462364,1,5
U0714,2024-06-01,105,9164646,87282.34285714285,0.019523809523809523,13.60952380952381,1,5
U0715,2024-06-01,108,4287963,39703.36111111111,0.17083333333333334,27.25,1,5
U0716,2024-05-17,107,2648789,24755.03738317757,0.17242990654205606,26.897196261682243,16,5
U0717,2024-05-25,104,4270148,41059.11538461538,0.15625,7.778846153846154,8,5
U0718,2024-05-31,90,3406552,37850.57777777778,0.15444444444444444,13.933333333333334,2,5
U0719,2024-05-08,66,4338474,65734.45454545454,0.020454545454545454,15.545454545454545,25,4
U0720,2024-02-20,29,1761097,60727.48275862069,0.010344827586206898,6.586206896551724,103,4
U0721,2024-06-02,89,3136342,35239.79775280899,0.0904494382022472,19.730337078651687,0,5
U0722,2024-05-22,82,4267355,52040.91463414634,0.012195121951219513,19.878048780487806,11,5
U0723,2024-06-01,102,4370667,42849.67647058824,0.11029411764705882,19.03921568627451,1,5
U0724,2024-05-30,108,3492521,32338.15740740741,0.14444444444444443,17.13888888888889,3,5
U0725,2024-05-11,74,2991165,40421.14864864865,0.010135135135135136,20.85135135135135,22,5
U0726,2024-06-01,96,5780668,60215.291666666664,0.011458333333333334,4.25,1,5
U0727,2023-12-03,29,1378146,47522.275862068964,0.02413793103448276,13.344827586206897,182,5
U0728,2023-09-27,47,2056087,43746.53191489362,0.030851063829787233,17.51063829787234,249,5
U0729,2024-06-01,94,5778442,61472.78723404255,0.009042553191489363,10.861702127659575,1,5
U0730,2024-05-30,105,2743733,26130.790476190476,0.1480952380952381,12.923809523809524,3,5
U0731,2024-05-20,99,4133754,41755.09090909091,0.1505050505050505,7.202020202020202,13,5
U0732,2024-05-19,106,3771002,35575.49056603773,0.14575471698113207,17.443396226415093,14,5
U0733,2024-05-27,105,2250663,21434.885714285716,0.17952380952380953,8.942857142857143,6,5
U0734,2024-05-30,106,7941481,74919.6320754717,0.15566037735849056,14.056603773584905,3,5
U0735,2024-05-31,147,11579490,78772.04081632652,0.00510204081632653,20.408163265306122,2,5
U0736,2024-05-31,141,13618102,96582.28368794326,0.009929078014184396,25.54609929078014,2,5
U0737,2024-04-01,32,1574668,49208.375,0.0171875,16.28125,62,5
U0738,2024-05-17,64,3817534,59648.96875,0.0046875,24.1875,16,5
U0739,2024-05-31,89,2335876,26245.79775280899,0.17415730337078653,15.134831460674157,2,5
U0740,2024-05-30,138,16734626,121265.40579710146,0.009057971014492754,21.55072463768116,3,5
U0741,2024-05-26,82,6460179,78782.67073170732,0.023170731707317073,14.378048780487806,7,5
U0742,2024-05-31,98,3667163,37420.0306122449,0.1739795918367347,23.102040816326532,2,5
U0743,2024-06-01,81,3902984,48184.98765432099,0.011728395061728396,13.135802469135802,1,5
U0744,2024-05-14,98,2334317,23819.561224489797,0.1826530612244898,18.887755102040817,19,5
U0745,2024-05-27,90,4151128,46123.64444444444,0.17833333333333334,13.044444444444444,6,5
U0746,2024-06-02,117,6834779,58416.91452991453,0.005128205128205128,7.564102564102564,0,5
U0747,2024-05-29,74,2554062,34514.35135135135,0.021621621621621623,13.486486486486486,4,5
U0748,2024-05-30,88,5744002,65272.75,0.019886363636363636,8.284090909090908,3,5
U0749,2024-05-31,80,3659198,45739.975,0.016875,12.6125,2,4
U0750,2024-05-23,71,9153148,128917.57746478873,0.01056338028169014,10.704225352112676,10,5
U0751,2024-05-25,83,2623838,31612.506024096387,0.027710843373493978,17.662650602409638,8,4
U0752,2024-02-03,52,2496437,48008.403846153844,0.018269230769230767,12.403846153846153,120,5
U0753,2024-05-30,124,6835764,55127.12903225807,0.004838709677419356,24.274193548387096,3,5
U0754,2024-06-02,93,6465980,69526.66666666667,0.005376344086021506,24.333333333333332,0,5
U0755,2024-05-09,79,5161949,65341.126582278484,0.02405063291139241,16.531645569620252,24,5
U0756,2024-01-16,52,2230050,42885.57692307692,0.02403846153846154,22.384615384615383,138,5
U0757,2024-05-27,89,5605053,62978.12359550562,0.007865168539325841,18.269662921348313,6,5
U0758,2024-06-01,107,3275887,30615.766355140186,0.17710280373831774,21.85981308411215,1,5
U0759,2024-05-27,91,6098912,67021.01098901099,0.01978021978021978,9.461538461538462,6,4
U0760,2024-04-23,35,1405316,40151.885714285716,0.008571428571428572,15.057142857142857,40,5
U0761,2024-06-01,142,14767922,103999.45070422535,0.0,19.514084507042252,1,5
U0762,2024-06-01,90,4590023,51000.25555555556,0.011666666666666667,13.6,1,5
U0763,2024-06-02,75,3477215,46362.86666666667,0.014,18.413333333333334,0,5
U0764,2024-01-01,72,3811016,52930.77777777778,0.021527777777777778,15.125,153,5
U0765,2024-06-02,81,2586596,31933.283950617282,0.09506172839506173,20.246913580246915,0,5
U0766,2024-06-01,84,7636623,90912.17857142857,0.01488095238095238,19.535714285714285,1,5
U0767,2024-05-31,93,5400496,58069.84946236559,0.17204301075268819,9.24731182795699,2,4
U0768,2024-06-01,92,4930670,53594.239130434784,0.008695652173913044,12.956521739130435,1,4
U0769,2024-05-23,108,3310236,30650.333333333332,0.014814814814814815,15.324074074074074,10,5
U0770,2024-05-24,101,2993255,29636.188118811882,0.10396039603960396,14.198019801980198,9,5
U0771,2024-05-28,101,3762034,37247.86138613861,0.016831683168316833,10.158415841584159,5,5
U0772,2024-05-24,91,9001450,98917.03296703297,0.0016483516483516486,8.934065934065934,9,5
U0773,2024-05-21,93,8097318,87067.93548387097,0.00967741935483871,4.634408602150538,12,5
U0774,2024-03-28,61,3884038,63672.75409836065,0.013934426229508199,18.19672131147541,66,4
U0775,2024-05-21,95,2578491,27142.01052631579,0.17578947368421052,14.821052631578947,12,5
U0776,2024-06-02,90,2329072,25878.577777777777,0.17555555555555558,17.3,0,5
U0777,2024-06-01,89,5353017,60146.25842696629,0.019662921348314606,4.269662921348314,1,5
U0778,2024-06-01,84,8221756,97878.04761904762,0.01904761904761905,18.214285714285715,1,5
U0779,2024-04-03,52,3119116,59983.0,0.0375,22.423076923076923,60,5
U0780,2024-05-28,139,10481801,75408.64028776978,0.0028776978417266188,20.892086330935253,5,5
U0781,2024-05-20,94,6285787,66870.0744680851,0.022872340425531913,2.478723404255319,13,5
U0782,2024-06-01,89,5971086,67090.85393258427,0.0044943820224719105,11.325842696629213,1,5
U0783,2024-05-28,88,2412143,27410.715909090908,0.18181818181818182,5.056818181818182,5,5
U0784,2023-11-28,54,3277187,60688.648148148146,0.02962962962962963,12.648148148148149,187,5
U0785,2024-04-15,71,6366212,89664.95774647887,0.019014084507042256,16.239436619718308,48,5
U0786,2024-05-27,80,2371891,29648.6375,0.1275,12.4375,6,5
U0787,2024-06-02,91,5739676,63073.36263736264,0.16648351648351647,10.45054945054945,0,5
U0788,2024-05-18,86,4240071,49303.151162790695,0.010465116279069767,7.941860465116279,15,5
U0789,2024-06-02,127,10137504,79822.86614173229,0.013779527559055118,25.976377952755904,0,5
U0790,2024-05-24,99,4130366,41720.868686868685,0.1691919191919192,24.606060606060606,9,5
U0791,2024-05-31,102,3536851,34675.009803921566,0.14558823529411766,22.80392156862745,2,5
U0792,2023-09-21,57,2493505,43745.70175438596,0.014912280701754387,11.719298245614034,255,5
U0793,2024-06-02,98,4408751,44987.255102040814,0.008673469387755102,12.683673469387756,0,5
U0794,2024-05-12,92,2953234,32100.369565217392,0.12608695652173912,14.880434782608695,21,5
U0795,2024-05-28,87,3736491,42948.1724137931,0.015517241379310346,14.241379310344827,5,5
U0796,2024-05-31,91,3724834,40932.241758241755,0.16758241758241757,20.87912087912088,2,5
U0797,2024-05-25,98,3077256,31400.571428571428,0.16020408163265307,23.255102040816325,8,5
U0798,2024-05-23,71,3089443,43513.281690140844,0.01056338028169014,11.23943661971831,10,5
U0799,2024-05-26,102,6452301,63257.85294117647,0.014705882352941176,8.029411764705882,7,5
