user_id,segment
U0000,0
U0001,2
U0002,0
U0003,0
U0004,1
U0005,0
U0006,1
U0007,0
U0008,3
U0009,1
U0010,3
U0011,2
U0012,0
U0013,0
U0014,0
U0015,1
U0016,0
U0017,2
U0018,3
U0019,1
U0020,0
U0021,1
U0022,0
U0023,1
U0024,0
U0025,2
U0026,1
U0027,1
U0028,0
U0029,0
U0030,0
U0031,0
U0032,0
U0033,0
U0034,1
U0035,1
U0036,0
U0037,2
U0038,3
U0039,1
U0040,1
U0041,2
U0042,0
U0043,3
U0044,0
U0045,0
U0046,1
U0047,0
U0048,2
U0049,2
U0050,3
U0051,0
U0052,1
U0053,0
U0054,1
U0055,0
U0056,0
U0057,0
U0058,0
U0059,1
U0060,0
U0061,2
U0062,0
U0063,1
U0064,0
U0065,1
U0066,0
U0067,0
U0068,0
U0069,1
U0070,1
U0071,1
U0072,1
U0073,1
U0074,1
U0075,0
U0076,0
U0077,0
U0078,0
U0079,0
U0080,0
U0081,0
U0082,0
U0083,0
U0084,0
U0085,0
U0086,1
U0087,1
U0088,0
U0089,0
U0090,3
U0091,3
U0092,0
U0093,2
U0094,1
U0095,3
U0096,0
U0097,2
U0098,1
U0099,0
U0100,0
U0101,0
U0102,3
U0103,0
U0104,2
U0105,0
U0106,0
U0107,0
U0108,1
U0109,1
U0110,2
U0111,3
U0112,0
U0113,1
U0114,0
U0115,1
U0116,0
U0117,0
U0118,0
U0119,0
U0120,1
U0121,0
U0122,1
U0123,2
U0124,3
U0125,1
U0126,0
U0127,3
U0128,0
U0129,3
U0130,0
U0131,2
U0132,2
U0133,3
U0134,1
U0135,0
U0136,0
U0137,0
U0138,0
U0139,0
U0140,0
U0141,0
U0142,0
U0143,0
U0144,1
U0145,2
U0146,0
U0147,0
U0148,0
U0149,0
U0150,0
U0151,1
U0152,1
U0153,1
U0154,0
U0155,1
U0156,1
U0157,2
U0158,0
U0159,0
U0160,0
U0161,0
U0162,0
U0163,0
U0164,1
U0165,0
U0166,0
U0167,3
U0168,0
U0169,1
U0170,2
U0171,1
U0172,3
U0173,0
U0174,0
U0175,3
U0176,0
U0177,0
U0178,3
U0179,0
U0180,2
U0181,1
U0182,1
U0183,3
U0184,0
U0185,3
U0186,1
U0187,3
U0188,2
U0189,1
U0190,0
U0191,0
U0192,0
U0193,1
U0194,2
U0195,0
U0196,1
U0197,0
U0198,0
U0199,0
U0200,1
U0201,2
U0202,1
U0203,0
U0204,1
U0205,0
U0206,0
U0207,2
U0208,3
U0209,2
U0210,1
U0211,2
U0212,1
U0213,0
U0214,0
U0215,0
U0216,0
U0217,1
U0218,1
U0219,1
U0220,0
U0221,1
U0222,3
U0223,1
U0224,1
U0225,1
U0226,0
U0227,3
U0228,0
U0229,1
U0230,0
U0231,0
U0232,0
U0233,0
U0234,3
U0235,2
U0236,0
U0237,2
U0238,3
U0239,1
U0240,0
U0241,1
U0242,0
U0243,0
U0244,3
U0245,0
U0246,0
U0247,1
U0248,2
U0249,3
U0250,1
U0251,3
U0252,0
U0253,3
U0254,2
U0255,1
U0256,1
U0257,1
U0258,0
U0259,0
U0260,2
U0261,0
U0262,1
U0263,3
U0264,1
U0265,0
U0266,0
U0267,3
U0268,2
U0269,0
U0270,1
U0271,0
U0272,1
U0273,0
U0274,0
U0275,1
U0276,1
U0277,0
U0278,2
U0279,1
U0280,0
U0281,0
U0282,1
U0283,3
U0284,0
U0285,1
U0286,0
U0287,2
U0288,1
U0289,1
U0290,3
U0291,3
U0292,0
U0293,0
U0294,2
U0295,1
U0296,0
U0297,1
U0298,2
U0299,1
U0300,1
U0301,0
U0302,1
U0303,2
U0304,0
U0305,0
U0306,0
U0307,2
U0308,0
U0309,1
U0310,0
U0311,3
U0312,1
U0313,1
U0314,2
U0315,3
U0316,1
U0317,0
U0318,1
U0319,0
U0320,1
U0321,1
U0322,0
U0323,1
U0324,3
U0325,0
U0326,2
U0327,2
U0328,1
U0329,1
U0330,1
U0331,0
U0332,0
U0333,3
U0334,0
U0335,2
U0336,1
U0337,1
U0338,3
U0339,0
U0340,1
U0341,0
U0342,2
U0343,3
U0344,1
U0345,1
U0346,0
U0347,0
U0348,0
U0349,1
U0350,1
U0351,0
U0352,3
U0353,2
U0354,1
U0355,0
U0356,0
U0357,1
U0358,3
U0359,1
U0360,0
U0361,0
U0362,3
U0363,0
U0364,3
U0365,1
U0366,1
U0367,0
U0368,0
U0369,1
U0370,0
U0371,0
U0372,2
U0373,0
U0374,0
U0375,2
U0376,1
U0377,3
U0378,3
U0379,1
U0380,1
U0381,0
U0382,1
U0383,3
U0384,3
U0385,0
U0386,2
U0387,0
U0388,0
U0389,1
U0390,0
U0391,2
U0392,0
U0393,1
U0394,1
U0395,0
U0396,0
U0397,1
U0398,0
U0399,0
U0400,0
U0401,0
U0402,0
U0403,2
U0404,0
U0405,0
U0406,1
U0407,0
U0408,1
U0409,1
U0410,3
U0411,0
U0412,0
U0413,1
U0414,0
U0415,0
U0416,0
U0417,1
U0418,1
U0419,0
U0420,1
U0421,3
U0422,0
U0423,0
U0424,1
U0425,0
U0426,0
U0427,2
U0428,0
U0429,0
U0430,1
U0431,1
U0432,1
U0433,3
U0434,0
U0435,0
U0436,1
U0437,0
U0438,0
U0439,0
U0440,0
U0441,1
U0442,1
U0443,3
U0444,3
U0445,0
U0446,0
U0447,0
U0448,3
U0449,3
U0450,0
U0451,3
U0452,1
U0453,0
U0454,3
U0455,1
U0456,0
U0457,3
U0458,3
U0459,1
U0460,0
U0461,0
U0462,0
U0463,0
U0464,1
U0465,0
U0466,0
U0467,3
U0468,0
U0469,2
U0470,1
U0471,2
U0472,2
U0473,1
U0474,1
U0475,1
U0476,1
U0477,2
U0478,0
U0479,0
U0480,3
U0481,1
U0482,0
U0483,2
U0484,1
U0485,0
U0486,3
U0487,1
U0488,3
U0489,0
U0490,1
U0491,1
U0492,2
U0493,2
U0494,1
U0495,3
U0496,2
U0497,1
U0498,3
U0499,2
U0500,0
U0501,0
U0502,3
U0503,0
U0504,1
U0505,1
U0506,0
U0507,0
U0508,0
U0509,2
U0510,0
U0511,0
U0512,1
U0513,1
U0514,0
U0515,0
U0516,0
U0517,2
U0518,1
U0519,0
U0520,1
U0521,0
U0522,3
U0523,1
U0524,0
U0525,2
U0526,3
U0527,0
U0528,1
U0529,0
U0530,0
U0531,2
U0532,1
U0533,3
U0534,3
U0535,3
U0536,3
U0537,1
U0538,0
U0539,3
U0540,0
U0541,0
U0542,0
U0543,0
U0544,1
U0545,1
U0546,0
U0547,3
U0548,2
U0549,0
U0550,1
U0551,1
U0552,1
U0553,1
U0554,0
U0555,0
U0556,1
U0557,3
U0558,0
U0559,0
U0560,1
U0561,0
U0562,1
U0563,0
U0564,1
U0565,2
U0566,3
U0567,3
U0568,1
U0569,0
U0570,1
U0571,0
U0572,0
U0573,1
U0574,0
U0575,3
U0576,1
U0577,0
U0578,0
U0579,0
U0580,0
U0581,2
U0582,0
U0583,0
U0584,1
U0585,0
U0586,0
U0587,2
U0588,0
U0589,2
U0590,1
U0591,2
U0592,3
U0593,2
U0594,0
U0595,2
U0596,0
U0597,2
U0598,1
U0599,1
U0600,1
U0601,0
U0602,1
U0603,0
U0604,1
U0605,3
U0606,0
U0607,0
U0608,0
U0609,0
U0610,0
U0611,0
U0612,3
U0613,2
U0614,0
U0615,3
U0616,1
U0617,0
U0618,0
U0619,1
U0620,3
U0621,0
U0622,0
U0623,0
U0624,0
U0625,1
U0626,0
U0627,1
U0628,2
U0629,0
U0630,0
U0631,0
U0632,0
U0633,2
U0634,3
U0635,3
U0636,2
U0637,2
U0638,0
U0639,0
U0640,0
U0641,1
U0642,0
U0643,3
U0644,2
U0645,3
U0646,1
U0647,0
U0648,0
U0649,1
U0650,0
U0651,0
U0652,1
U0653,0
U0654,0
U0655,1
U0656,0
U0657,0
U0658,3
U0659,0
U0660,2
U0661,1
U0662,2
U0663,0
U0664,1
U0665,1
U0666,0
U0667,0
U0668,0
U0669,0
U0670,1
U0671,3
U0672,1
U0673,3
U0674,1
U0675,1
U0676,1
U0677,1
U0678,0
U0679,0
U0680,0
U0681,0
U0682,1
U0683,2
U0684,0
U0685,0
U0686,1
U0687,1
U0688,0
U0689,1
U0690,1
U0691,1
U0692,1
U0693,0
U0694,0
U0695,3
U0696,2
U0697,2
U0698,0
U0699,0
U0700,2
U0701,0
U0702,2
U0703,1
U0704,1
U0705,0
U0706,0
U0707,2
U0708,0
U0709,3
U0710,0
U0711,3
U0712,0
U0713,0
U0714,2
U0715,1
U0716,1
U0717,1
U0718,1
U0719,0
U0720,3
U0721,1
U0722,0
U0723,1
U0724,1
U0725,3
U0726,0
U0727,3
U0728,3
U0729,0
U0730,1
U0731,1
U0732,1
U0733,1
U0734,1
U0735,2
U0736,2
U0737,3
U0738,0
U0739,1
U0740,2
U0741,0
U0742,1
U0743,0
U0744,1
U0745,1
U0746,0
U0747,0
U0748,0
U0749,0
U0750,0
U0751,0
U0752,3
U0753,2
U0754,0
U0755,0
U0756,3
U0757,0
U0758,1
U0759,0
U0760,3
U0761,2
U0762,0
U0763,0
U0764,3
U0765,1
U0766,0
U0767,1
U0768,0
U0769,0
U0770,1
U0771,0
U0772,0
U0773,0
U0774,3
U0775,1
U0776,1
U0777,0
U0778,0
U0779,3
U0780,2
U0781,0
U0782,0
U0783,1
U0784,3
U0785,0
U0786,1
U0787,1
U0788,0
U0789,2
U0790,1
U0791,1
U0792,3
U0793,0
U0794,1
U0795,0
U0796,1
U0797,1
U0798,0
U0799,0
